﻿Designator,Footprint,Quantity,Value,LCSC Part #
"BOOT_SW1, RESET_SW1",SW_SPST_TL3342,2,SW_SPST,
"C1, C10, C11, C9",0603,4,1uF,
"C12, C13, C14, C15, C16, C17, C18, C19, C20, C23, C26, C29, C30, C31, C32, C33, C34, C35, C36, C37, C38, C39, C4, C40, C41, C42, C43, C44, C45, C46, C47, C5, C6, C7, C8",0603,35,100nF,
"C2, C24, C27, C3",0603,4,10uF,
"C21, C22",0603,2,30pF,
"C25, C28",CP_Elec_6.3x5.9,2,100uF,
"D1, D10, D11, D12, D13, D14, D15, D16, D17, D18, D19, D2, D20, D21, D22, D23, D24, D25, D26, D27, D28, D29, D3, D30, D31, D32, D33, D34, D35, D36, D37, D38, D39, D4, D40, D41, D42, D43, D44, D45, D46, D47, D48, D49, D5, D50, D51, D52, D53, D54, D55, D56, D57, D58, D59, D6, D60, D61, D62, D63, D64, D65, D66, D7, D8, D9",D_SOD-123,66,D_Small,
F1,1206,1,500mA,
H1,GH60_outline_without_bottom_mounting,1,PCB Outline,
J1,USB_C_Receptacle_HRO_TYPE-C-31-M-12,1,USB_C_Receptacle_USB2.0_16P,
"J2, J3",USB-SMT-04F-S1-B1-R9A,2,USB_A,
"L1, L2, L3",0603,3,"220V @ 100MHz, 2A",
"LED1, LED10, LED11, LED12, LED13, LED14, LED15, LED16, LED2, LED3, LED4, LED5, LED6, LED7, LED8, LED9",LED_WS2812_2020,16,WS2812_2020,
"MX1, MX10, MX11, MX12, MX13, MX17, MX18, MX19, MX2, MX20, MX21, MX22, MX23, MX24, MX25, MX26, MX27, MX28, MX3, MX31, MX32, MX33, MX34, MX35, MX36, MX37, MX38, MX39, MX4, MX40, MX41, MX43, MX44, MX45, MX46, MX47, MX48, MX49, MX5, MX50, MX51, MX52, MX53, MX54, MX55, MX56, MX6, MX7, MX8, MX9",SW_MX_1u,50,MX_SW_solder,
MX14,SW_MX_1u,1,PIPE,
MX15,SW_MX_1u,1,TILDE,
MX16,SW_MX_1.5u,1,MX_SW_solder,
MX29,SW_MX_1.5u,1,BSHIT_HHKB,
MX30,SW_MX_1.75u,1,LCTRL,
MX42,SW_MX_1u,1,ANSI_ENTER,
MX57,SW_MX_1u,1,FN,
MX58,SW_MX_1.25u,1,WIN,
"MX59, MX62",SW_MX_1.5u,2,ALT,
MX60,SW_MX_1u,1,275_SPACE,
MX61,SW_MX_1u,1,225_SPACE,
MX63,SW_MX_1.25u,1,CTRL,
MX64,SW_MX_1u,1,LEFT,
MX65,SW_MX_1u,1,DOWN,
MX66,SW_MX_1u,1,RIGHT,
MX67,SW_MX_1u,1,BSHIT_TOP,
MX68,SW_MX_1.75u_STP_1.25,1,alt_LCTRL,
MX69,SW_MX_1u,1,ISO_ENTER,
MX70,SW_MX_1u,1,ISO_PIPE,
MX71,SW_MX_1.25u,1,alt_CTRL,
MX72,SW_MX_1u,1,alt_WIN,
"MX73, MX75",SW_MX_1.25u,2,alt_ALT,
MX74,SW_MX_1u,1,alt_625_SPACE,
MX76,SW_MX_1u,1,alt_CTRL,
"R1, R2",0402,2,5.1kR,
"R10, R11, R12, R14, R3, R4, R6, R7, R8, R9",0603,10,10kR,
R13,0603,1,2.7kR,
S1,STAB_MX_2.25u,1,ANSI_2.25U,
S2,STAB_MX_P_2u,1,2U,
S3,STAB_MX_P_2.75u,1,2.75U,
S4,STAB_MX_P_2.25u,1,2.25U,
S5,STAB_MX_ISO-ROT,1,ISO_2U,
S6,STAB_MX_P_6.25u,1,6.25U,
S7,STAB_MX_2u,1,2U,
U1,SOT-23,1,XC6206PxxxMR,
U2,LQFP-48_7x7mm_P0.5mm,1,STM32F072C8T6,
U3,SOIC-8_3.9x4.9mm_P1.27mm,1,MIC2026-2BN,
U4,LQFP-48_7x7mm_P0.5mm,1,FE1.1,
"U5, U6, U7",SOT-23-6-routable,3,SRV05-4,
U8,SOT-23-5,1,74AHCT1G125,
Y1,Crystal_SMD_3225-4pin_3.2x2.5mm,1,12MHz,
